{"cameraMode":{"drawMode":0,"name":"Shaded","section":"Shading Mode"},"sceneLighting":true,"audioPlay":false,"sceneViewState":{"showFog":true,"showMaterialUpdate":true,"showSkybox":true,"showFlares":true,"showImageEffects":true,"showParticleSystems":true},"in2DMode":false,"pivot":{"x":-20.315176010131837,"y":5.4134602546691898,"z":28.76943016052246},"rotation":{"x":-0.0029639005661010744,"y":-0.7523908019065857,"z":0.003386213444173336,"w":-0.6587033271789551},"size":4.097103595733643,"orthographic":false}